frequency_inverse_angstrom,two_states_amplitude,gaussian_amplitude
0.000000000000000000e+00,1.000000000000000000e+00,1.000000000000000000e+00
6.250000000000000130e-04,9.999518089593280035e-01,9.999691579618720239e-01
1.250000000000000026e-03,9.998072404820648185e-01,9.998766375547586405e-01
1.874999999999999931e-03,9.995663085020212169e-01,9.997224558987114484e-01
2.500000000000000052e-03,9.992290362407229010e-01,9.995066415212828792e-01
3.125000000000000173e-03,9.987954562051724050e-01,9.992292343487297890e-01
3.749999999999999861e-03,9.982656101847159347e-01,9.988902856937027508e-01
4.375000000000000416e-03,9.976395492470157000e-01,9.984898582394270417e-01
5.000000000000000104e-03,9.969173337331279638e-01,9.980280260203828746e-01
5.624999999999999792e-03,9.960990332516871382e-01,9.975048743994922029e-01
6.250000000000000347e-03,9.951847266721969287e-01,9.969205000418225326e-01
6.875000000000000035e-03,9.941745021174281938e-01,9.962750108848187347e-01
7.499999999999999722e-03,9.930684569549262930e-01,9.955685261050762902e-01
8.125000000000000278e-03,9.918666977876260393e-01,9.948011760816688476e-01
8.750000000000000833e-03,9.905693404435772509e-01,9.939731023560481882e-01
9.374999999999999653e-03,9.891765099647810144e-01,9.930844575885315884e-01
1.000000000000000021e-02,9.876883405951377704e-01,9.921354055113971171e-01
1.062500000000000076e-02,9.861049757675087735e-01,9.911261208786048549e-01
1.124999999999999958e-02,9.844265680898915960e-01,9.900567894121689028e-01
1.187500000000000014e-02,9.826532793307117819e-01,9.889276077451997216e-01
1.250000000000000069e-02,9.807852804032304306e-01,9.877387833616437796e-01
1.312499999999999951e-02,9.788227513490723730e-01,9.864905345327447117e-01
1.375000000000000007e-02,9.767658813208723867e-01,9.851830902502549669e-01
1.437500000000000062e-02,9.746148685640450005e-01,9.838166901564247002e-01
1.499999999999999944e-02,9.723699203976765570e-01,9.823915844707988843e-01
1.562500000000000000e-02,9.700312531945439742e-01,9.809080339138541715e-01
1.625000000000000056e-02,9.675990923602597604e-01,9.793663096275071478e-01
1.687500000000000111e-02,9.650736723115473925e-01,9.777666930925292821e-01
1.750000000000000167e-02,9.624552364536472782e-01,9.761094760429021022e-01
1.812499999999999875e-02,9.597440371568574102e-01,9.743949603771508983e-01
1.874999999999999931e-02,9.569403357322088244e-01,9.726234580666927032e-01
1.937499999999999986e-02,9.540444024062804118e-01,9.707952910612398512e-01
2.000000000000000042e-02,9.510565162951535312e-01,9.689107911912967497e-01
2.062500000000000097e-02,9.479769653775104166e-01,9.669703000677931648e-01
2.125000000000000153e-02,9.448060464668780467e-01,9.649741689788955412e-01
2.187500000000000208e-02,9.415440651830208063e-01,9.629227587840398783e-01
2.249999999999999917e-02,9.381913359224841598e-01,9.608164398052322364e-01
2.312499999999999972e-02,9.347481818282924459e-01,9.586555917156603934e-01
2.375000000000000028e-02,9.312149347588035697e-01,9.564406034256660583e-01
2.437500000000000083e-02,9.275919352557240316e-01,9.541718729661231579e-01
2.500000000000000139e-02,9.238795325112867385e-01,9.518498073692734929e-01
2.562500000000000194e-02,9.200780843345949256e-01,9.494748225470679426e-01
2.624999999999999903e-02,9.161879571171359649e-01,9.470473431670648479e-01
2.687499999999999958e-02,9.122095257974677240e-01,9.445678025259369726e-01
2.750000000000000014e-02,9.081431738250812513e-01,9.420366424206405576e-01
2.812500000000000069e-02,9.039892931234433382e-01,9.394543130172990919e-01
2.875000000000000125e-02,8.997482840522215142e-01,9.368212727178572008e-01
2.937500000000000180e-02,8.954205553686969132e-01,9.341379880245584966e-01
2.999999999999999889e-02,8.910065241883678988e-01,9.314049334023055682e-01
3.062499999999999944e-02,8.865066159447464456e-01,9.286225911389566212e-01
3.125000000000000000e-02,8.819212643483550496e-01,9.257914512036180543e-01
3.187500000000000056e-02,8.772509113449241669e-01,9.229120111029903706e-01
3.250000000000000111e-02,8.724960070727971750e-01,9.199847757358261546e-01
3.312500000000000167e-02,8.676570098195439673e-01,9.170102572455604006e-01
3.375000000000000222e-02,8.627343859777918400e-01,9.139889748711729212e-01
3.437500000000000278e-02,8.577286100002720071e-01,9.109214547963431219e-01
3.500000000000000333e-02,8.526401643540921782e-01,9.078082299969592039e-01
3.562500000000000389e-02,8.474695394742344234e-01,9.046498400870429668e-01
3.624999999999999750e-02,8.422172337162865396e-01,9.014468311631528286e-01
3.687499999999999806e-02,8.368837533084093616e-01,8.981997556473273470e-01
3.749999999999999861e-02,8.314696123025452357e-01,8.949091721286326351e-01
3.812499999999999917e-02,8.259753325248732070e-01,8.915756452033776203e-01
3.874999999999999972e-02,8.204014435255135851e-01,8.881997453140594301e-01
3.937500000000000028e-02,8.147484825274894371e-01,8.847820485871048524e-01
4.000000000000000083e-02,8.090169943749474513e-01,8.813231366694712632e-01
4.062500000000000139e-02,8.032075314806449429e-01,8.778235965641719707e-01
4.125000000000000194e-02,7.973206537727071108e-01,8.742840204647904789e-01
4.187500000000000250e-02,7.913569286406602066e-01,8.707050055890501739e-01
4.250000000000000305e-02,7.853169308807449456e-01,8.670871540115018261e-01
4.312500000000000361e-02,7.792012426405167114e-01,8.634310724953979665e-01
4.375000000000000416e-02,7.730104533627368824e-01,8.597373723238159737e-01
4.437499999999999778e-02,7.667451597285614984e-01,8.560066691300980413e-01
4.499999999999999833e-02,7.604059656000309309e-01,8.522395827276720848e-01
4.562499999999999889e-02,7.539934819618695494e-01,8.484367369393193137e-01
4.624999999999999944e-02,7.475083268625968280e-01,8.445987594259547482e-01
4.687500000000000000e-02,7.409511253549591059e-01,8.407262815149845192e-01
4.750000000000000056e-02,7.343225094356855553e-01,8.368199380283064537e-01
4.812500000000000111e-02,7.276231179845747965e-01,8.328803671100192263e-01
4.875000000000000167e-02,7.208535967029188196e-01,8.289082100539035824e-01
4.937500000000000222e-02,7.140145980512682122e-01,8.249041111307419127e-01
5.000000000000000278e-02,7.071067811865475727e-01,8.208687174155399058e-01
5.062500000000000333e-02,7.001308118985235529e-01,8.168026786147148943e-01
5.125000000000000389e-02,6.930873625456358544e-01,8.127066468933143994e-01
5.187500000000000444e-02,6.859771119901927339e-01,8.085812767023290437e-01
5.249999999999999806e-02,6.788007455329417850e-01,8.044272246061628939e-01
5.312499999999999861e-02,6.715589548470184411e-01,8.002451491103235170e-01
5.374999999999999917e-02,6.642524379112817456e-01,7.960357104893962532e-01
5.437499999999999972e-02,6.568818989430413868e-01,7.917995706153616586e-01
5.500000000000000028e-02,6.494480483301836582e-01,7.875373927863202894e-01
5.562500000000000083e-02,6.419516025627031164e-01,7.832498415556850002e-01
5.625000000000000139e-02,6.343932841636454878e-01,7.789375825619011540e-01
5.687500000000000194e-02,6.267738216194694845e-01,7.746012823587548057e-01
5.750000000000000250e-02,6.190939493098339685e-01,7.702416082463284797e-01
5.812500000000000305e-02,6.113544074368164605e-01,7.658592281026633808e-01
5.875000000000000361e-02,6.035559419535713177e-01,7.614548102161859955e-01
5.937500000000000416e-02,5.956993044924333569e-01,7.570290231189567010e-01
5.999999999999999778e-02,5.877852522924731371e-01,7.525825354207973383e-01
6.062499999999999833e-02,5.798145481265137846e-01,7.481160156443542597e-01
6.124999999999999889e-02,5.717879602276122464e-01,7.436301320611508059e-01
6.187499999999999944e-02,5.637062622150167401e-01,7.391255525286862804e-01
6.250000000000000000e-02,5.555702330196022887e-01,7.346029443286333782e-01
6.312500000000000056e-02,5.473806568087965507e-01,7.300629740061872486e-01
6.375000000000000111e-02,5.391383229110001674e-01,7.255063072106204825e-01
6.437500000000000167e-02,5.308440257395095063e-01,7.209336085370920966e-01
6.500000000000000222e-02,5.224985647159489099e-01,7.163455413697653595e-01
6.562500000000000278e-02,5.141027441932216613e-01,7.117427677262798680e-01
6.625000000000000333e-02,5.056573733779845536e-01,7.071259481036297201e-01
6.687500000000000389e-02,4.971632662526542790e-01,7.024957413254949712e-01
6.750000000000000444e-02,4.886212414969549611e-01,6.978528043910717793e-01
6.812500000000000500e-02,4.800321224090111638e-01,6.931977923254504237e-01
6.875000000000000555e-02,4.713967368259975865e-01,6.885313580315829407e-01
6.937500000000000611e-02,4.627159170443499447e-01,6.838541521438865622e-01
7.000000000000000666e-02,4.539904997395468045e-01,6.791668228835252563e-01
7.062500000000000722e-02,4.452213258854681999e-01,6.744700159154120023e-01
7.125000000000000777e-02,4.364092406733420249e-01,6.697643742069719908e-01
7.187500000000000833e-02,4.275550934302819739e-01,6.650505378887074937e-01
7.249999999999999500e-02,4.186597375374281338e-01,6.603291441166033726e-01
7.312499999999999556e-02,4.097240303476955003e-01,6.556008269364099750e-01
7.374999999999999611e-02,4.007488331031410778e-01,6.508662171498427185e-01
7.437499999999999667e-02,3.917350108519560559e-01,6.461259421827311167e-01
7.499999999999999722e-02,3.826834323650898373e-01,6.413806259551537714e-01
7.562499999999999778e-02,3.735949700525163508e-01,6.366308887535934158e-01
7.624999999999999833e-02,3.644704998791498118e-01,6.318773471051413182e-01
7.687499999999999889e-02,3.553109012804162026e-01,6.271206136537872400e-01
7.749999999999999944e-02,3.461170570774930177e-01,6.223612970388197052e-01
7.812500000000000000e-02,3.368898533922200511e-01,6.176000017753711102e-01
7.875000000000000056e-02,3.276301795616934354e-01,6.128373281371297665e-01
7.937500000000000111e-02,3.183389280525498188e-01,6.080738720412518505e-01
8.000000000000000167e-02,3.090169943749474513e-01,6.033102249354932445e-01
8.062500000000000222e-02,2.996652769962566132e-01,5.985469736875896896e-01
8.125000000000000278e-02,2.902846772544623311e-01,5.937847004769067905e-01
8.187500000000000333e-02,2.808760992712922011e-01,5.890239826883818530e-01
8.250000000000000389e-02,2.714404498650743180e-01,5.842653928087797599e-01
8.312500000000000444e-02,2.619786384633374654e-01,5.795094983252818688e-01
8.375000000000000500e-02,2.524915770151578975e-01,5.747568616264262520e-01
8.437500000000000555e-02,2.429801799032637877e-01,5.700080399054181512e-01
8.500000000000000611e-02,2.334453638559054744e-01,5.652635850658249694e-01
8.562500000000000666e-02,2.238880478584983902e-01,5.605240436296738959e-01
8.625000000000000722e-02,2.143091530650506893e-01,5.557899566479626019e-01
8.687500000000000777e-02,2.047096027093795179e-01,5.510618596135987701e-01
8.750000000000000833e-02,1.950903220161281093e-01,5.463402823767795624e-01
8.812499999999999500e-02,1.854522381115911445e-01,5.416257490628200166e-01
8.874999999999999556e-02,1.757962799343546767e-01,5.369187779924419202e-01
8.937499999999999611e-02,1.661233781457655823e-01,5.322198816045305980e-01
8.999999999999999667e-02,1.564344650402309245e-01,5.275295663813660552e-01
9.062499999999999722e-02,1.467304744553617479e-01,5.228483327763358002e-01
9.124999999999999778e-02,1.370123416819682138e-01,5.181766751441335694e-01
9.187499999999999833e-02,1.272810033739133206e-01,5.135150816734475043e-01
9.249999999999999889e-02,1.175373974578377001e-01,5.088640343221412232e-01
9.312499999999999944e-02,1.077824630427593466e-01,5.042240087549293426e-01
9.375000000000000000e-02,9.801714032956077016e-02,4.995954742835464479e-01
9.437500000000000056e-02,8.824237052036962292e-02,4.949788938094116797e-01
9.500000000000000111e-02,7.845909572784499908e-02,4.903747237687846594e-01
9.562500000000000167e-02,6.866825888437376457e-02,4.857834140804118128e-01
9.625000000000000222e-02,5.887080365118898401e-02,4.812054080956585378e-01
9.687500000000000278e-02,4.906767432741812596e-02,4.766411425511228872e-01
9.750000000000000333e-02,3.925981575906866555e-02,4.720910475237248272e-01
9.812500000000000389e-02,2.944817324796316846e-02,4.675555463882637430e-01
9.875000000000000444e-02,1.963369246062825202e-02,4.630350557774375875e-01
9.937500000000000500e-02,9.817319337149511133e-03,4.585299855443144001e-01
1.000000000000000056e-01,6.123233995736766036e-17,4.540407387272449857e-01
1.006250000000000061e-01,9.817319337149611747e-03,4.495677115172093119e-01
1.012500000000000067e-01,1.963369246062835263e-02,4.451112932275813061e-01
1.018750000000000072e-01,2.944817324796326907e-02,4.406718662663025587e-01
1.025000000000000078e-01,3.925981575906876964e-02,4.362498061104491676e-01
1.031250000000000083e-01,4.906767432741800800e-02,4.318454812831792333e-01
1.037500000000000089e-01,5.887080365118908115e-02,4.274592533330441313e-01
1.043749999999999956e-01,6.866825888437363967e-02,4.230914768156484596e-01
1.049999999999999961e-01,7.845909572784487418e-02,4.187424992776418997e-01
1.056249999999999967e-01,8.824237052036949802e-02,4.144126612430236167e-01
1.062499999999999972e-01,9.801714032956042322e-02,4.101022962017432105e-01
1.068749999999999978e-01,1.077824630427592217e-01,4.058117306005760705e-01
1.074999999999999983e-01,1.175373974578375752e-01,4.015412838362548698e-01
1.081249999999999989e-01,1.272810033739131819e-01,3.972912682508356053e-01
1.087499999999999994e-01,1.370123416819678530e-01,3.930619891292762569e-01
1.093750000000000000e-01,1.467304744553616369e-01,3.888537446992064162e-01
1.100000000000000006e-01,1.564344650402308134e-01,3.846668261328636818e-01
1.106250000000000011e-01,1.661233781457654712e-01,3.805015175511742842e-01
1.112500000000000017e-01,1.757962799343545379e-01,3.763580960299527933e-01
1.118750000000000022e-01,1.854522381115908114e-01,3.722368316081954842e-01
1.125000000000000028e-01,1.950903220161281926e-01,3.681379872984423263e-01
1.131250000000000033e-01,2.047096027093796011e-01,3.640618190991812830e-01
1.137500000000000039e-01,2.143091530650508003e-01,3.600085760092671672e-01
1.143750000000000044e-01,2.238880478584985012e-01,3.559785000443281833e-01
1.150000000000000050e-01,2.334453638559053357e-01,3.519718262551326249e-01
1.156250000000000056e-01,2.429801799032638709e-01,3.479887827478854723e-01
1.162500000000000061e-01,2.524915770151580086e-01,3.440295907064279124e-01
1.168750000000000067e-01,2.619786384633375764e-01,3.400944644163086394e-01
1.175000000000000072e-01,2.714404498650743736e-01,3.361836112906974039e-01
1.181250000000000078e-01,2.808760992712920901e-01,3.322972318981103901e-01
1.187500000000000083e-01,2.902846772544623866e-01,3.284355199919167800e-01
1.193750000000000089e-01,2.996652769962566687e-01,3.245986625415943072e-01
1.199999999999999956e-01,3.090169943749473402e-01,3.207868397657028248e-01
1.206249999999999961e-01,3.183389280525494858e-01,3.170002251665436366e-01
1.212499999999999967e-01,3.276301795616933243e-01,3.132389855664719502e-01
1.218749999999999972e-01,3.368898533922199401e-01,3.095032811458300892e-01
1.224999999999999978e-01,3.461170570774929067e-01,3.057932654824674357e-01
1.231249999999999983e-01,3.553109012804160916e-01,3.021090855928151853e-01
1.237499999999999989e-01,3.644704998791494788e-01,2.984508819744812191e-01
1.243749999999999994e-01,3.735949700525162398e-01,2.948187886503307875e-01
1.250000000000000000e-01,3.826834323650897263e-01,2.912129332140208637e-01
1.256250000000000144e-01,3.917350108519561669e-01,2.876334368769511429e-01
1.262500000000000011e-01,4.007488331031409667e-01,2.840804145165996553e-01
1.268750000000000155e-01,4.097240303476953893e-01,2.805539747262062455e-01
1.275000000000000022e-01,4.186597375374282448e-01,2.770542198657710564e-01
1.281249999999999889e-01,4.275550934302818629e-01,2.735812461143306562e-01
1.287500000000000033e-01,4.364092406733419138e-01,2.701351435234791154e-01
1.293749999999999900e-01,4.452213258854680888e-01,2.667159960720977829e-01
1.300000000000000044e-01,4.539904997395466935e-01,2.633238817222567918e-01
1.306249999999999911e-01,4.627159170443500558e-01,2.599588724762574299e-01
1.312500000000000056e-01,4.713967368259976976e-01,2.566210344347740202e-01
1.318749999999999922e-01,4.800321224090108307e-01,2.533104278560657785e-01
1.325000000000000067e-01,4.886212414969550721e-01,2.500271072162186248e-01
1.331249999999999933e-01,4.971632662526541679e-01,2.467711212703847801e-01
1.337500000000000078e-01,5.056573733779847757e-01,2.435425131149818179e-01
1.343749999999999944e-01,5.141027441932216613e-01,2.403413202508198621e-01
1.350000000000000089e-01,5.224985647159487989e-01,2.371675746471164359e-01
1.356249999999999956e-01,5.308440257395093953e-01,2.340213028063693745e-01
1.362500000000000100e-01,5.391383229110002784e-01,2.309025258300473060e-01
1.368749999999999967e-01,5.473806568087966617e-01,2.278112594850678907e-01
1.375000000000000111e-01,5.555702330196022887e-01,2.247475142710241569e-01
1.381249999999999978e-01,5.637062622150165181e-01,2.217112954881282905e-01
1.387500000000000122e-01,5.717879602276124684e-01,2.187026033058353247e-01
1.393749999999999989e-01,5.798145481265135626e-01,2.157214328321142294e-01
1.400000000000000133e-01,5.877852522924730261e-01,2.127677741833309544e-01
1.406250000000000000e-01,5.956993044924333569e-01,2.098416125547108435e-01
1.412500000000000144e-01,6.035559419535714287e-01,2.069429282913445023e-01
1.418750000000000011e-01,6.113544074368165715e-01,2.040716969597065056e-01
1.425000000000000155e-01,6.190939493098340796e-01,2.012278894196497525e-01
1.431250000000000022e-01,6.267738216194693734e-01,1.984114718968475466e-01
1.437500000000000167e-01,6.343932841636457098e-01,1.956224060556443489e-01
1.443750000000000033e-01,6.419516025627030054e-01,1.928606490722891142e-01
1.449999999999999900e-01,6.494480483301835472e-01,1.901261537085134068e-01
1.456250000000000044e-01,6.568818989430412758e-01,1.874188683854266235e-01
1.462499999999999911e-01,6.642524379112814126e-01,1.847387372576942133e-01
1.468750000000000056e-01,6.715589548470184411e-01,1.820857002879678332e-01
1.474999999999999922e-01,6.788007455329415629e-01,1.794596933215387435e-01
1.481250000000000067e-01,6.859771119901929559e-01,1.768606481611795234e-01
1.487499999999999933e-01,6.930873625456357434e-01,1.742884926421492398e-01
1.493750000000000078e-01,7.001308118985235529e-01,1.717431507073273189e-01
1.499999999999999944e-01,7.071067811865474617e-01,1.692245424824499744e-01
1.506250000000000089e-01,7.140145980512682122e-01,1.667325843514179395e-01
1.512499999999999956e-01,7.208535967029188196e-01,1.642671890316485528e-01
1.518750000000000100e-01,7.276231179845749075e-01,1.618282656494420824e-01
1.524999999999999967e-01,7.343225094356853333e-01,1.594157198153362265e-01
1.531250000000000111e-01,7.409511253549592169e-01,1.570294536994193690e-01
1.537499999999999978e-01,7.475083268625966060e-01,1.546693661065777214e-01
1.543750000000000122e-01,7.539934819618696604e-01,1.523353525516469298e-01
1.549999999999999989e-01,7.604059656000309309e-01,1.500273053344453877e-01
1.556250000000000133e-01,7.667451597285614984e-01,1.477451136146598898e-01
1.562500000000000000e-01,7.730104533627369934e-01,1.454886634865615036e-01
1.568750000000000144e-01,7.792012426405167114e-01,1.432578380535241280e-01
1.575000000000000011e-01,7.853169308807450566e-01,1.410525175023239486e-01
1.581250000000000155e-01,7.913569286406603176e-01,1.388725791771931450e-01
1.587500000000000022e-01,7.973206537727069998e-01,1.367178976536070067e-01
1.593750000000000167e-01,8.032075314806450539e-01,1.345883448117792536e-01
1.600000000000000033e-01,8.090169943749473402e-01,1.324837899098451899e-01
1.606249999999999900e-01,8.147484825274894371e-01,1.304040996567082389e-01
1.612500000000000044e-01,8.204014435255135851e-01,1.283491382845304840e-01
1.618749999999999911e-01,8.259753325248729849e-01,1.263187676208459564e-01
1.625000000000000056e-01,8.314696123025453467e-01,1.243128471602736179e-01
1.631249999999999922e-01,8.368837533084091396e-01,1.223312341358141903e-01
1.637500000000000067e-01,8.422172337162864286e-01,1.203737835897067121e-01
1.643749999999999933e-01,8.474695394742344234e-01,1.184403484438303206e-01
1.650000000000000078e-01,8.526401643540921782e-01,1.165307795696281373e-01
1.656249999999999944e-01,8.577286100002720071e-01,1.146449258575395064e-01
1.662500000000000089e-01,8.627343859777918400e-01,1.127826342859192116e-01
1.668749999999999956e-01,8.676570098195438563e-01,1.109437499894298518e-01
1.675000000000000100e-01,8.724960070727971750e-01,1.091281163268881527e-01
1.681249999999999967e-01,8.772509113449240559e-01,1.073355749485516014e-01
1.687500000000000111e-01,8.819212643483551606e-01,1.055659658628269326e-01
1.693749999999999978e-01,8.865066159447463345e-01,1.038191275023892385e-01
1.700000000000000122e-01,8.910065241883677878e-01,1.020948967896927601e-01
1.706249999999999989e-01,8.954205553686969132e-01,1.003931092018636034e-01
1.712500000000000133e-01,8.997482840522215142e-01,9.871359883495679777e-02
1.718750000000000000e-01,9.039892931234433382e-01,9.705619846756864677e-02
1.725000000000000144e-01,9.081431738250813623e-01,9.542073962378787300e-02
1.731250000000000011e-01,9.122095257974676130e-01,9.380705263547689521e-02
1.737500000000000155e-01,9.161879571171359649e-01,9.221496670386898631e-02
1.743750000000000022e-01,9.200780843345948146e-01,9.064430996047244393e-02
1.750000000000000167e-01,9.238795325112868495e-01,8.909490952726888124e-02
1.756250000000000033e-01,9.275919352557240316e-01,8.756659157619807454e-02
1.762499999999999900e-01,9.312149347588033477e-01,8.605918138791711358e-02
1.768750000000000044e-01,9.347481818282924459e-01,8.457250340982652714e-02
1.774999999999999911e-01,9.381913359224840487e-01,8.310638131335451595e-02
1.781250000000000056e-01,9.415440651830208063e-01,8.166063805048943969e-02
1.787499999999999922e-01,9.448060464668779357e-01,8.023509590955515969e-02
1.793750000000000067e-01,9.479769653775103055e-01,7.882957657021975872e-02
1.799999999999999933e-01,9.510565162951535312e-01,7.744390115773266969e-02
1.806250000000000078e-01,9.540444024062804118e-01,7.607789029638180323e-02
1.812499999999999944e-01,9.569403357322088244e-01,7.473136416216678846e-02
1.818750000000000089e-01,9.597440371568574102e-01,7.340414253468111050e-02
1.824999999999999956e-01,9.624552364536471671e-01,7.209604484819907844e-02
1.831250000000000100e-01,9.650736723115473925e-01,7.080689024196223924e-02
1.837499999999999967e-01,9.675990923602597604e-01,6.953649760966214288e-02
1.843750000000000111e-01,9.700312531945440853e-01,6.828468564811379649e-02
1.849999999999999978e-01,9.723699203976765570e-01,6.705127290511861404e-02
1.856250000000000122e-01,9.746148685640450005e-01,6.583607782651176854e-02
1.862499999999999989e-01,9.767658813208723867e-01,6.463891880239322485e-02
1.868750000000000133e-01,9.788227513490723730e-01,6.345961421253842882e-02
1.875000000000000000e-01,9.807852804032304306e-01,6.229798247098888159e-02
1.881250000000000144e-01,9.826532793307117819e-01,6.115384206981896997e-02
1.887500000000000011e-01,9.844265680898915960e-01,6.002701162208017027e-02
1.893750000000000155e-01,9.861049757675087735e-01,5.891730990391987749e-02
1.900000000000000022e-01,9.876883405951376593e-01,5.782455589587673361e-02
1.906250000000000167e-01,9.891765099647810144e-01,5.674856882335024139e-02
1.912500000000000033e-01,9.905693404435772509e-01,5.568916819624720321e-02
1.918750000000000178e-01,9.918666977876260393e-01,5.464617384780377091e-02
1.925000000000000044e-01,9.930684569549262930e-01,5.361940597258608304e-02
1.931249999999999911e-01,9.941745021174281938e-01,5.260868516366924014e-02
1.937500000000000056e-01,9.951847266721968177e-01,5.161383244899752504e-02
1.943749999999999922e-01,9.960990332516871382e-01,5.063466932692744366e-02
1.950000000000000067e-01,9.969173337331279638e-01,4.967101780095562608e-02
1.956249999999999933e-01,9.976395492470157000e-01,4.872270041363545301e-02
1.962500000000000078e-01,9.982656101847159347e-01,4.778954027968369128e-02
1.968749999999999944e-01,9.987954562051724050e-01,4.687136111828203722e-02
1.975000000000000089e-01,9.992290362407229010e-01,4.596798728457578143e-02
1.981249999999999956e-01,9.995663085020212169e-01,4.507924380037463957e-02
1.987500000000000100e-01,9.998072404820648185e-01,4.420495638405836508e-02
1.993749999999999967e-01,9.999518089593280035e-01,4.334495147969327777e-02
2.000000000000000111e-01,1.000000000000000000e+00,4.249905628536252561e-02
2.006249999999999978e-01,9.999518089593280035e-01,4.166709878071644946e-02
2.012500000000000122e-01,9.998072404820648185e-01,4.084890775374678401e-02
2.018749999999999989e-01,9.995663085020212169e-01,4.004431282679146026e-02
2.025000000000000133e-01,9.992290362407229010e-01,3.925314448177400634e-02
2.031250000000000000e-01,9.987954562051724050e-01,3.847523408468477707e-02
2.037500000000000144e-01,9.982656101847159347e-01,3.771041390930866127e-02
2.043750000000000011e-01,9.976395492470157000e-01,3.695851716020680244e-02
2.050000000000000155e-01,9.969173337331279638e-01,3.621937799495720395e-02
2.056250000000000022e-01,9.960990332516872492e-01,3.549283154566242049e-02
2.062500000000000167e-01,9.951847266721969287e-01,3.477871393972936653e-02
2.068750000000000033e-01,9.941745021174281938e-01,3.407686231992988063e-02
2.075000000000000178e-01,9.930684569549262930e-01,3.338711486374763143e-02
2.081250000000000044e-01,9.918666977876260393e-01,3.270931080201974067e-02
2.087499999999999911e-01,9.905693404435772509e-01,3.204329043687987461e-02
2.093750000000000056e-01,9.891765099647810144e-01,3.138889515901058247e-02
2.099999999999999922e-01,9.876883405951377704e-01,3.074596746421275409e-02
2.106250000000000067e-01,9.861049757675087735e-01,3.011435096929954147e-02
2.112499999999999933e-01,9.844265680898915960e-01,2.949389042732356025e-02
2.118750000000000078e-01,9.826532793307117819e-01,2.888443174214419887e-02
2.124999999999999944e-01,9.807852804032305416e-01,2.828582198234477416e-02
2.131250000000000089e-01,9.788227513490723730e-01,2.769790939450631623e-02
2.137499999999999956e-01,9.767658813208724977e-01,2.712054341584782882e-02
2.143750000000000100e-01,9.746148685640450005e-01,2.655357468624011674e-02
2.149999999999999967e-01,9.723699203976766681e-01,2.599685505960322440e-02
2.156250000000000111e-01,9.700312531945439742e-01,2.545023761469486154e-02
2.162499999999999978e-01,9.675990923602597604e-01,2.491357666529964848e-02
2.168750000000000122e-01,9.650736723115473925e-01,2.438672776982719198e-02
2.174999999999999989e-01,9.624552364536473892e-01,2.386954774032853249e-02
2.181250000000000133e-01,9.597440371568574102e-01,2.336189465093952561e-02
2.187500000000000000e-01,9.569403357322089354e-01,2.286362784576035853e-02
2.193750000000000144e-01,9.540444024062804118e-01,2.237460794618018403e-02
2.200000000000000011e-01,9.510565162951536422e-01,2.189469685765620816e-02
2.206250000000000155e-01,9.479769653775104166e-01,2.142375777595589836e-02
2.212500000000000022e-01,9.448060464668780467e-01,2.096165519287228676e-02
2.218750000000000167e-01,9.415440651830208063e-01,2.050825490142061877e-02
2.225000000000000033e-01,9.381913359224841598e-01,2.006342400052654740e-02
2.231250000000000178e-01,9.347481818282923349e-01,1.962703089921429347e-02
2.237500000000000044e-01,9.312149347588036807e-01,1.919894532030480550e-02
2.243749999999999911e-01,9.275919352557241426e-01,1.877903830363250592e-02
2.250000000000000056e-01,9.238795325112868495e-01,1.836718220879047028e-02
2.256249999999999922e-01,9.200780843345949256e-01,1.796325071741295548e-02
2.262500000000000067e-01,9.161879571171359649e-01,1.756711883500471083e-02
2.268749999999999933e-01,9.122095257974678351e-01,1.717866289232642882e-02
2.275000000000000078e-01,9.081431738250812513e-01,1.679776054634526256e-02
2.281249999999999944e-01,9.039892931234434492e-01,1.642429078076016249e-02
2.287500000000000089e-01,8.997482840522214032e-01,1.605813390611069563e-02
2.293749999999999956e-01,8.954205553686970243e-01,1.569917155947897838e-02
2.300000000000000100e-01,8.910065241883678988e-01,1.534728670379353205e-02
2.306249999999999967e-01,8.865066159447464456e-01,1.500236362674459839e-02
2.312500000000000111e-01,8.819212643483550496e-01,1.466428793931946056e-02
2.318749999999999978e-01,8.772509113449241669e-01,1.433294657396742139e-02
2.325000000000000122e-01,8.724960070727970640e-01,1.400822778240282639e-02
2.331249999999999989e-01,8.676570098195441894e-01,1.369002113305575231e-02
2.337500000000000133e-01,8.627343859777917290e-01,1.337821750817847453e-02
2.343750000000000000e-01,8.577286100002721181e-01,1.307270910061742071e-02
2.350000000000000144e-01,8.526401643540920672e-01,1.277338941025860271e-02
2.356250000000000011e-01,8.474695394742345345e-01,1.248015324015593411e-02
2.362500000000000155e-01,8.422172337162865396e-01,1.219289669235049806e-02
2.368750000000000022e-01,8.368837533084092506e-01,1.191151716338990744e-02
2.375000000000000167e-01,8.314696123025452357e-01,1.163591333955583777e-02
2.381250000000000033e-01,8.259753325248733180e-01,1.136598519180852078e-02
2.387500000000000178e-01,8.204014435255134741e-01,1.110163397045630523e-02
2.393750000000000044e-01,8.147484825274895481e-01,1.084276219955892899e-02
2.399999999999999911e-01,8.090169943749475623e-01,1.058927367107233980e-02
2.406250000000000056e-01,8.032075314806449429e-01,1.034107343874351992e-02
2.412499999999999922e-01,7.973206537727074439e-01,1.009806781176326648e-02
2.418750000000000067e-01,7.913569286406602066e-01,9.860164348184844926e-03
2.424999999999999933e-01,7.853169308807451676e-01,9.627271848116562836e-03
2.431250000000000078e-01,7.792012426405166003e-01,9.399300346695877925e-03
2.437499999999999944e-01,7.730104533627371044e-01,9.176161106852997323e-03
2.443750000000000089e-01,7.667451597285616094e-01,8.957766611871219309e-03
2.449999999999999956e-01,7.604059656000310419e-01,8.744030557752083960e-03
2.456250000000000100e-01,7.539934819618695494e-01,8.534867845392115487e-03
2.462499999999999967e-01,7.475083268625968280e-01,8.330194572579155063e-03
2.468750000000000111e-01,7.409511253549591059e-01,8.129928025814935066e-03
2.474999999999999978e-01,7.343225094356857774e-01,7.933986671971480706e-03
2.481250000000000122e-01,7.276231179845747965e-01,7.742290149788085343e-03
2.487499999999999989e-01,7.208535967029189306e-01,7.554759261216017867e-03
2.493750000000000133e-01,7.140145980512681012e-01,7.371315962617559260e-03
2.500000000000000000e-01,7.071067811865476838e-01,7.191883355826367979e-03
