pixel1,pixel2
7.498188448088496383e-01,1.903318797691902819e+00
2.783624921840566646e+00,1.787902541561004810e+00
1.173648009389564484e+00,1.704125237601332055e+00
8.463459054631504719e-01,-4.348026748012268627e-01
-7.636995376037941652e-01,-1.993076527319450619e+00
-1.018055767420327884e+00,-2.587333796188702184e+00
1.161660228169214326e+00,2.715123327813258935e+00
5.480376240936738697e+00,3.832097521338206914e+00
-7.188783864380640098e-01,8.783915244633103692e-01
-1.768653204014964120e-01,3.995547070096294173e-01
4.310136264528228178e-01,-1.175602711711455806e+00
-1.831452821251820851e+00,-1.412940617468952498e+00
-1.952593377864547008e+00,-4.455446741186669946e-01
-2.344327490448786300e+00,-2.668012413893376955e+00
9.077900564740574996e-02,3.559240203166098571e+00
-4.097897187151305354e-01,1.628564483196839774e+00
5.405078221447764397e-01,8.409073839615796020e-01
-1.020836116608654143e+00,-7.302746626711011935e-01
-1.553301416249715627e+00,-3.216799945520089299e+00
-1.576130205217354696e+00,-1.318449022815432414e+00
-7.360569445586705450e-01,3.820636000088321604e-01
1.352698811828820347e+00,-4.413548673667541111e-01
6.742976763188721634e-01,1.381307345846485957e+00
-1.749612138681902573e+00,-1.500927472625588788e+00
-4.590182059203678833e+00,-3.158876257012816158e+00
2.083241867018664983e+00,1.885993710568362625e+00
-3.605429727469338985e+00,-3.798524791848685300e+00
1.795781939167531704e-01,3.147708140641187313e+00
2.930115663452678154e-01,4.938535372647764321e-01
-1.427171507521656002e+00,-2.333731916912197502e+00
-1.328262675047321983e-01,-2.635387119566316105e+00
-3.375697708922793083e+00,-2.551293685050133764e+00
-2.903547146167519521e+00,-3.201762418277644073e+00
2.613681451769929609e+00,2.408082788023764298e+00
1.372341997637525735e+00,1.355697132014578088e+00
-4.108937191303954961e+00,-4.733093177941454677e+00
1.154605150612962317e-01,-7.169096092398659081e-01
-6.605673814964586832e+00,-5.543953727878570881e+00
1.539334930748202490e+00,7.768291196777413754e-01
1.045139723113467811e+00,-3.461597462358603772e-01
-2.691266502763783208e+00,-2.522788286603616204e+00
1.430433429416092084e+00,-8.859802415207436166e-01
2.833111792552797326e+00,1.259736274581707560e+00
2.595956602704976302e+00,3.690827242187682877e+00
-3.121278928562654542e+00,-1.757075538318850771e+00
3.311914724428561385e+00,1.504414311816055339e+00
-1.221380976213065850e+00,-8.450782536447020155e-01
1.724478629914980798e+00,3.020357701062191813e-01
2.374716294962502250e+00,2.252917740095212729e+00
1.854467353820015374e+00,2.068107168931982542e+00
2.947499156902888995e+00,2.490244567944817966e+00
-5.556839089144519406e+00,-4.634871783599961326e+00
-4.451119773356325027e+00,-2.736414229119439767e+00
1.640665025365561691e+00,1.959179586326306621e+00
-3.659859473029816179e-01,3.118744010763016550e-01
3.848370759142126118e+00,2.443509869287790348e+00
3.617283758943619087e-01,-7.785143514069571280e-01
2.749168336997198092e-01,-9.311642178898500433e-01
1.364248447275417275e+00,-1.429238168377884755e+00
-9.221687225395718279e-01,-2.674998335149809670e+00
-4.583173333409566452e-01,7.714613855091287942e-01
8.642787745140687594e-01,-1.989788323615120813e+00
-5.155277937028320823e-01,-1.661823117035398159e-02
2.235935429332774671e+00,1.279499193643117261e+00
1.163921982067783079e+00,9.938676120756438637e-02
9.802303912493682825e-01,1.243390999105582484e+00
-1.021334278381415661e+00,-1.483606612525972146e+00
4.768465078710831251e-01,3.289886521831021926e-01
-3.394606115621904507e+00,-4.220999342307053759e+00
-4.262894964595975722e-01,1.000648930783896384e+00
-3.629421280458486443e+00,-1.062455831981781174e+00
-5.247547406777281154e+00,-3.993166525114258736e+00
7.186210792330238739e-01,2.119723974070017558e+00
-9.966538107956980364e-01,-1.543410913179314115e+00
3.716789566701426129e-01,3.003091817257054763e-01
-3.701072693759179355e+00,-3.960328373882170627e+00
-4.300091950453593270e+00,-3.086526821551705879e+00
-1.114541608537163109e+00,-3.342524984989513115e+00
1.707921200916388216e+00,1.110563894212285296e+00
-3.326143933710739575e-01,7.582808031875699628e-01
-1.456879474420858855e+00,-2.286312161818367272e+00
-1.909237766690442317e+00,-2.032624929277628834e+00
-3.025716050718003647e+00,-3.446939530942386032e+00
-8.390925742535255694e-01,-2.480440823360129166e+00
-3.622168241900122876e+00,-5.613348251441133918e+00
3.361030261754463400e+00,3.265034169805924869e+00
-1.342893272023248652e-01,-2.344908001467614689e+00
-1.405024213610248429e+00,-2.803950650699603142e-01
1.030025629929187114e-01,-6.102810685651219869e-01
2.586766342294550380e+00,1.359755573777404303e+00
1.614175399845570735e-01,-1.127619962820278765e+00
-4.299949309982700196e-01,-2.273300671411824680e+00
2.337553333143601808e+00,8.584439946292931056e-01
-1.780464955000292004e+00,-1.005623648310495444e+00
1.199444631259319438e+00,9.334326398899920330e-01
4.693307137327563439e+00,1.573428833517184433e+00
1.562851897907202359e+00,2.090435607809062457e-01
-2.586311525679199530e+00,-2.489748785480268900e+00
-5.673774895659474682e-01,1.707494892201633752e+00
-1.201844663747741571e+00,8.553177158932073754e-01
3.845016284262462447e-01,2.709853422571859571e+00
2.866187202698988190e-01,-4.040567555952415124e-01
-2.509379349264625247e+00,-1.781399869334004071e+00
2.423686302090922506e+00,-5.055533556401213824e-01
2.507693993064700866e+00,4.024692259732165489e+00
-1.017398487304301602e+00,-4.060530554091929534e-01
-2.073813664305287574e+00,-2.307039128058235189e+00
7.735581730286525317e-04,-1.280470575768961894e-01
-5.049740730716167914e-02,-1.349272992882108113e+00
-5.448699814813427800e+00,-4.365250818046710890e+00
3.856469770543007769e+00,3.376286926615281736e+00
3.883275923622643067e+00,4.102232841358122606e+00
-1.046995589214663180e+00,-1.351457376258771381e+00
-3.766736538731016437e-01,1.657299887831680030e+00
-3.298467545843141169e-01,-1.170949379341160723e-01
1.001612679939660744e+00,1.541814478765948238e+00
-2.551386193643783717e-01,-1.559327750674319946e+00
-3.311955561952540372e-01,-6.713311318639878511e-01
5.008152567609117645e-01,1.669673490054756904e-01
-6.551457064645990203e-01,8.548961492970874598e-01
-2.290280782025100326e+00,-3.182799221335887552e+00
-2.621621693752640869e+00,-1.849486300263634142e+00
-1.974510423097374456e+00,-3.346211994661759004e+00
-3.178080472661168887e+00,-3.441329513808735641e+00
-4.250845124843413814e+00,-2.586490532207164073e+00
5.043935934759543827e+00,2.572318451357580305e+00
-3.319263754434362834e+00,-1.126800281278245608e+00
4.581984945867210612e+00,3.073021720374554011e+00
-2.303477411536531072e+00,-2.011357475279913043e+00
1.262534481757254801e+00,1.145142009867178512e+00
-4.562176518140947379e-01,-7.199292208560633677e-01
-3.607155625245478170e+00,-3.312646231002859043e+00
1.993837624348042903e+00,1.775643490700237637e+00
-3.907557988144185201e-01,3.799369006390937442e-02
-2.674402697346218272e+00,-2.204547144926262803e+00
5.712254868274758701e-01,1.495433278936743715e+00
-4.683949544598664083e+00,-3.123068050194390377e+00
2.972781856013702595e-01,8.095893933014136623e-02
-8.037917756811124859e-01,8.404933996109591188e-02
3.016316008557283546e+00,1.121689309150816438e+00
-4.700258527367666694e+00,-3.942632917995906539e+00
-1.831228192532350085e-01,-2.262463035185671156e+00
5.291334733031187731e+00,3.738606404892709012e+00
2.937784502973619816e+00,1.149913693741278831e+00
2.898311518187386415e+00,4.322786902687007604e+00
1.749904065890406590e+00,6.530498806644033927e-01
-2.907332820187684685e+00,-1.181398761094533123e+00
-3.594603085216139249e+00,-2.069685051198076220e+00
5.953930407672077818e-01,-3.338455644593991134e-01
4.788312936676325293e+00,4.613316038269421604e+00
1.193617477912322089e+00,7.901612439668566079e-01
-2.657474503769319818e-01,-2.545532605797724557e+00
-6.262674249967540296e-01,5.653776343911843805e-01
1.859953985430278012e+00,2.646691282284436397e+00
3.191145513867860717e-01,3.404885207551662685e+00
8.118946475904932347e-01,-2.786331901837322822e-01
-2.749678409611969521e+00,-2.422327178387430724e+00
3.338208397757324697e+00,1.891743768634427614e+00
-7.786766999349626905e-01,-2.498087342669594868e+00
-3.057911173807395411e+00,-6.269367195888008171e-01
3.353947585643471396e-01,1.272757800017731977e+00
-2.703051440420542129e+00,-2.070123038439812380e+00
-1.735679078912485629e+00,-3.306638316514140197e+00
2.056447725089529222e+00,2.196897007812525171e+00
-3.865633096305722827e+00,-3.057029024303365983e+00
-1.759613316861045884e-01,1.145516393696299762e+00
-2.753044823127887675e+00,-3.173548807327397636e+00
-2.205417390751310158e+00,-2.016462540926421187e+00
-1.627037473903251152e-01,-8.955198309238883159e-01
-1.081457641569419259e+00,-2.168850342769916395e+00
-1.450010422930559262e+00,-6.667046263544452733e-01
2.830296661169797723e+00,2.139253647782057843e+00
-4.248365230038766982e-01,-4.789594542998352744e-01
3.101798391501231045e+00,4.497988314354548045e+00
1.944712983496031500e+00,-4.525477707134408223e-01
1.004504220235167056e+00,-5.518231140495454268e-01
7.868694659469155361e-01,-3.588766761861948762e+00
-3.765177821964466265e+00,-5.819509419623400071e+00
2.282845443292553789e+00,1.050830446056244982e+00
-5.540709349716641530e-01,-3.331730581950261172e+00
